{
  "sim": "C",
  "description": "강한 보호 시대 (+25 여명 달성)",
  "initial_state_from_sim_b": {
    "gold_p50": 8375.25
  },
  "scenarios": {
    "C1_p50": {
      "curve": "C1",
      "curve_name": "깊은골짜기",
      "protect_saint": 0.5,
      "n_users": 2000,
      "clicks": {
        "mean": 33429.374,
        "p50": 23756.0,
        "p90": 76825.50000000007
      },
      "hours": {
        "mean": 27.857811666666667,
        "p50": 19.796666666666667,
        "p90": 64.02125000000007
      },
      "achievement_rate": 0.9295,
      "visits_mean": {
        "0": 1982.69,
        "1": 1972.88,
        "2": 1952.64,
        "3": 1900.02,
        "4": 1826.6,
        "5": 1725.16,
        "6": 1576.27,
        "7": 1350.6,
        "8": 1276.88,
        "9": 1086.8,
        "10": 867.57,
        "11": 643.6,
        "12": 433.45,
        "13": 217.84,
        "14": 181.71,
        "15": 141.53,
        "16": 105.66,
        "17": 66.07,
        "18": 38.43,
        "19": 20.62,
        "20": 11.01,
        "21": 5.7,
        "22": 3.16,
        "23": 2.09,
        "24": 1.45,
        "25": 0.0
      },
      "hit_max_clicks_pct": 0.0
    },
    "C1_p55": {
      "curve": "C1",
      "curve_name": "깊은골짜기",
      "protect_saint": 0.55,
      "n_users": 5000,
      "clicks": {
        "mean": 21239.6212,
        "p50": 15875.5,
        "p90": 46308.8
      },
      "hours": {
        "mean": 17.699684333333334,
        "p50": 13.229583333333334,
        "p90": 38.59066666666667
      },
      "achievement_rate": 0.9618,
      "visits_mean": {
        "0": 1100.75,
        "1": 1097.69,
        "2": 1090.87,
        "3": 1068.06,
        "4": 1036.05,
        "5": 988.82,
        "6": 916.44,
        "7": 796.74,
        "8": 762.85,
        "9": 664.37,
        "10": 546.0,
        "11": 419.31,
        "12": 295.04,
        "13": 150.78,
        "14": 128.84,
        "15": 102.92,
        "16": 80.0,
        "17": 52.06,
        "18": 31.45,
        "19": 17.6,
        "20": 10.01,
        "21": 5.25,
        "22": 3.08,
        "23": 2.03,
        "24": 1.47,
        "25": 0.0
      },
      "hit_max_clicks_pct": 0.0
    },
    "C1_p60": {
      "curve": "C1",
      "curve_name": "깊은골짜기",
      "protect_saint": 0.6,
      "n_users": 5000,
      "clicks": {
        "mean": 13645.6326,
        "p50": 10015.0,
        "p90": 29857.600000000002
      },
      "hours": {
        "mean": 11.3713605,
        "p50": 8.345833333333333,
        "p90": 24.881333333333334
      },
      "achievement_rate": 0.9786,
      "visits_mean": {
        "0": 602.95,
        "1": 603.04,
        "2": 601.56,
        "3": 592.6,
        "4": 579.21,
        "5": 559.22,
        "6": 526.01,
        "7": 463.58,
        "8": 449.62,
        "9": 401.47,
        "10": 339.86,
        "11": 271.19,
        "12": 198.68,
        "13": 103.6,
        "14": 90.74,
        "15": 74.89,
        "16": 60.41,
        "17": 40.96,
        "18": 26.08,
        "19": 15.29,
        "20": 8.96,
        "21": 4.94,
        "22": 3.0,
        "23": 2.05,
        "24": 1.53,
        "25": 0.0
      },
      "hit_max_clicks_pct": 0.0
    },
    "C2_p50": {
      "curve": "C2",
      "curve_name": "완만학습",
      "protect_saint": 0.5,
      "n_users": 5000,
      "clicks": {
        "mean": 16272.1328,
        "p50": 11471.0,
        "p90": 35942.90000000002
      },
      "hours": {
        "mean": 13.560110666666667,
        "p50": 9.559166666666666,
        "p90": 29.952416666666686
      },
      "achievement_rate": 0.9714,
      "visits_mean": {
        "0": 883.75,
        "1": 879.19,
        "2": 869.94,
        "3": 846.64,
        "4": 814.35,
        "5": 768.57,
        "6": 702.24,
        "7": 594.65,
        "8": 565.39,
        "9": 487.15,
        "10": 401.63,
        "11": 316.83,
        "12": 239.71,
        "13": 143.07,
        "14": 117.95,
        "15": 92.78,
        "16": 71.4,
        "17": 46.17,
        "18": 28.36,
        "19": 16.94,
        "20": 9.55,
        "21": 5.12,
        "22": 3.07,
        "23": 2.05,
        "24": 1.49,
        "25": 0.0
      },
      "hit_max_clicks_pct": 0.0
    },
    "C2_p55": {
      "curve": "C2",
      "curve_name": "완만학습",
      "protect_saint": 0.55,
      "n_users": 5000,
      "clicks": {
        "mean": 10854.4434,
        "p50": 7997.0,
        "p90": 24026.300000000003
      },
      "hours": {
        "mean": 9.045369500000001,
        "p50": 6.664166666666667,
        "p90": 20.02191666666667
      },
      "achievement_rate": 0.9828,
      "visits_mean": {
        "0": 511.51,
        "1": 510.15,
        "2": 506.87,
        "3": 496.22,
        "4": 481.11,
        "5": 459.44,
        "6": 426.14,
        "7": 365.36,
        "8": 351.18,
        "9": 308.7,
        "10": 261.11,
        "11": 211.35,
        "12": 165.82,
        "13": 100.49,
        "14": 84.8,
        "15": 68.44,
        "16": 54.71,
        "17": 36.95,
        "18": 23.6,
        "19": 14.65,
        "20": 8.65,
        "21": 4.77,
        "22": 3.0,
        "23": 2.06,
        "24": 1.51,
        "25": 0.0
      },
      "hit_max_clicks_pct": 0.0
    },
    "C2_p60": {
      "curve": "C2",
      "curve_name": "완만학습",
      "protect_saint": 0.6,
      "n_users": 5000,
      "clicks": {
        "mean": 7477.8272,
        "p50": 5566.5,
        "p90": 15848.100000000004
      },
      "hours": {
        "mean": 6.231522666666667,
        "p50": 4.63875,
        "p90": 13.206750000000003
      },
      "achievement_rate": 0.9894,
      "visits_mean": {
        "0": 301.42,
        "1": 301.43,
        "2": 300.92,
        "3": 296.26,
        "4": 289.65,
        "5": 279.47,
        "6": 262.95,
        "7": 228.31,
        "8": 221.77,
        "9": 198.84,
        "10": 172.36,
        "11": 143.35,
        "12": 116.35,
        "13": 72.26,
        "14": 62.34,
        "15": 51.66,
        "16": 42.71,
        "17": 29.88,
        "18": 19.95,
        "19": 12.86,
        "20": 7.98,
        "21": 4.57,
        "22": 2.96,
        "23": 2.06,
        "24": 1.54,
        "25": 0.0
      },
      "hit_max_clicks_pct": 0.0
    },
    "C3_p50": {
      "curve": "C3",
      "curve_name": "극적반전",
      "protect_saint": 0.5,
      "n_users": 5000,
      "clicks": {
        "mean": 19933.5358,
        "p50": 13870.0,
        "p90": 45308.40000000001
      },
      "hours": {
        "mean": 16.61127983333333,
        "p50": 11.558333333333334,
        "p90": 37.75700000000001
      },
      "achievement_rate": 0.9484,
      "visits_mean": {
        "0": 1113.14,
        "1": 1107.54,
        "2": 1095.88,
        "3": 1066.6,
        "4": 1025.94,
        "5": 968.55,
        "6": 884.93,
        "7": 757.44,
        "8": 715.52,
        "9": 608.83,
        "10": 485.36,
        "11": 361.86,
        "12": 242.36,
        "13": 112.18,
        "14": 96.39,
        "15": 80.37,
        "16": 63.62,
        "17": 43.62,
        "18": 27.35,
        "19": 16.19,
        "20": 9.17,
        "21": 4.95,
        "22": 2.94,
        "23": 1.95,
        "24": 1.43,
        "25": 0.0
      },
      "hit_max_clicks_pct": 0.0
    },
    "C3_p55": {
      "curve": "C3",
      "curve_name": "극적반전",
      "protect_saint": 0.55,
      "n_users": 5000,
      "clicks": {
        "mean": 12707.7228,
        "p50": 9387.0,
        "p90": 27979.5
      },
      "hours": {
        "mean": 10.589769,
        "p50": 7.8225,
        "p90": 23.316250000000004
      },
      "achievement_rate": 0.9696,
      "visits_mean": {
        "0": 617.11,
        "1": 615.41,
        "2": 611.54,
        "3": 598.55,
        "4": 580.49,
        "5": 554.03,
        "6": 513.31,
        "7": 446.31,
        "8": 426.88,
        "9": 371.69,
        "10": 305.29,
        "11": 236.1,
        "12": 164.92,
        "13": 77.52,
        "14": 67.84,
        "15": 57.87,
        "16": 47.29,
        "17": 33.57,
        "18": 21.94,
        "19": 13.52,
        "20": 8.08,
        "21": 4.46,