{
  "sim": "C_v10",
  "description": "+25 여명 달성 (검성 보호, 건너뛰기 ON)",
  "top3_b2_keys": [
    "C1_p35_low",
    "C1_p35_mid",
    "C1_p30_high"
  ],
  "scenarios": {
    "C1_p35_low_p50": {
      "curve": "C1",
      "curve_name": "깊은골짜기",
      "protect_indom": 0.35,
      "cost_set": "low",
      "protect_saint": 0.5,
      "n_users": 5000,
      "hours": {
        "mean": 44.25632183333334,
        "p50": 28.261666666666667,
        "p75": 63.57791666666667,
        "p90": 107.48183333333337
      },
      "success_rate": 0.755,
      "destructions_mean": 2780.4188,
      "skips_mean": 213.505,
      "saint_frags_mean": 1389.7978,
      "visits_mean": [
        2671.28,
        2629.44,
        2573.26,
        2475.95,
        2352.36,
        2191.96,
        1973.89,
        1663.0,
        1704.9,
        1423.82,
        1111.84,
        801.98,
        524.25,
        252.89,
        207.15,
        157.43,
        115.15,
        69.76,
        38.95,
        19.98,
        10.19,
        4.97,
        2.75,
        1.72,
        1.21,
        0.0
      ],
      "hit_max_pct": 0.0,
      "b2_hours_p50": 0.6733333333333333,
      "b2_key": "C1_p35_low",
      "c_initial": {
        "gold": 90528.0,
        "fragments": {
          "녹슨철조각": 8.76,
          "마력부여철조각": 30.76,
          "정제된철조각": 9.08,
          "광물파편": 7.71,
          "달빛조각": 7.24,
          "사령조각": 9.38,
          "검성의파편": 3.99,
          "뒤틀린마력파편": 0.06
        }
      }
    },
    "C1_p35_low_p55": {
      "curve": "C1",
      "curve_name": "깊은골짜기",
      "protect_indom": 0.35,
      "cost_set": "low",
      "protect_saint": 0.55,
      "n_users": 5000,
      "hours": {
        "mean": 30.39937316666667,
        "p50": 20.3875,
        "p75": 42.144999999999996,
        "p90": 70.56541666666668
      },
      "success_rate": 0.8744,
      "destructions_mean": 1605.2902,
      "skips_mean": 131.2062,
      "saint_frags_mean": 802.2268,
      "visits_mean": [
        1540.45,
        1521.77,
        1497.36,
        1451.0,
        1391.73,
        1312.57,
        1200.83,
        1028.12,
        1074.95,
        920.66,
        741.65,
        555.65,
        379.3,
        187.25,
        157.68,
        123.8,
        94.44,
        59.9,
        35.06,
        18.98,
        10.28,
        5.19,
        3.01,
        1.95,
        1.4,
        0.0
      ],
      "hit_max_pct": 0.0,
      "b2_hours_p50": 0.6733333333333333,
      "b2_key": "C1_p35_low",
      "c_initial": {
        "gold": 90528.0,
        "fragments": {
          "녹슨철조각": 8.76,
          "마력부여철조각": 30.76,
          "정제된철조각": 9.08,
          "광물파편": 7.71,
          "달빛조각": 7.24,
          "사령조각": 9.38,
          "검성의파편": 3.99,
          "뒤틀린마력파편": 0.06
        }
      }
    },
    "C1_p35_low_p60": {
      "curve": "C1",
      "curve_name": "깊은골짜기",
      "protect_indom": 0.35,
      "cost_set": "low",
      "protect_saint": 0.6,
      "n_users": 5000,
      "hours": {
        "mean": 19.432686,
        "p50": 13.690416666666668,
        "p75": 27.183541666666667,
        "p90": 44.471416666666684
      },
      "success_rate": 0.9316,
      "destructions_mean": 856.6552,
      "skips_mean": 79.2844,
      "saint_frags_mean": 428.1872,
      "visits_mean": [
        817.49,
        810.59,
        801.67,
        782.38,
        757.4,
        723.61,
        672.13,
        584.74,
        629.49,
        553.43,
        460.19,
        357.93,
        255.97,
        128.81,
        111.59,
        90.5,
        71.86,
        47.82,
        29.39,
        16.84,
        9.42,
        5.13,
        3.08,
        2.02,
        1.46,
        0.0
      ],
      "hit_max_pct": 0.0,
      "b2_hours_p50": 0.6733333333333333,
      "b2_key": "C1_p35_low",
      "c_initial": {
        "gold": 90528.0,
        "fragments": {
          "녹슨철조각": 8.76,
          "마력부여철조각": 30.76,
          "정제된철조각": 9.08,
          "광물파편": 7.71,
          "달빛조각": 7.24,
          "사령조각": 9.38,
          "검성의파편": 3.99,
          "뒤틀린마력파편": 0.06
        }
      }
    },
    "C1_p35_mid_p50": {
      "curve": "C1",
      "curve_name": "깊은골짜기",
      "protect_indom": 0.35,
      "cost_set": "mid",
      "protect_saint": 0.5,
      "n_users": 5000,
      "hours": {
        "mean": 40.57749333333334,
        "p50": 25.552500000000002,
        "p75": 58.04145833333333,
        "p90": 101.99425000000002
      },
      "success_rate": 0.6988,
      "destructions_mean": 2563.8554,
      "skips_mean": 199.0816,
      "saint_frags_mean": 1281.6462,
      "visits_mean": [
        2471.07,
        2432.56,
        2380.64,
        2290.51,
        2175.02,
        2026.58,
        1823.27,
        1534.59,
        1575.8,
        1314.01,
        1025.49,
        739.09,
        482.01,
        231.67,
        189.19,
        143.45,
        104.49,
        63.34,
        35.5,
        18.18,
        9.39,
        4.61,
        2.53,
        1.62,
        1.11,
        0.0
      ],
      "hit_max_pct": 0.08,
      "b2_hours_p50": 0.8175,
      "b2_key": "C1_p35_mid",
      "c_initial": {
        "gold": 105423.5,
        "fragments": {
          "녹슨철조각": 13.54,
          "마력부여철조각": 31.88,
          "정제된철조각": 9.4,
          "광물파편": 7.49,
          "달빛조각": 7.02,
          "사령조각": 9.38,
          "검성의파편": 3.9,
          "뒤틀린마력파편": 0.04
        }
      }
    },
    "C1_p35_mid_p55": {
      "curve": "C1",
      "curve_name": "깊은골짜기",
      "protect_indom": 0.35,
      "cost_set": "mid",
      "protect_saint": 0.55,
      "n_users": 5000,
      "hours": {
        "mean": 30.207241833333335,
        "p50": 20.437916666666666,
        "p75": 42.40020833333334,
        "p90": 71.49300000000002
      },
      "success_rate": 0.8474,
      "destructions_mean": 1614.863,
      "skips_mean": 132.8936,
      "saint_frags_mean": 807.5972,
      "visits_mean": [
        1554.3,
        1535.34,
        1510.62,
        1463.56,
        1403.21,
        1323.57,
        1210.56,
        1035.43,
        1083.28,
        926.49,
        746.34,
        558.79,
        380.56,
        187.23,
        156.83,
        122.85,
        93.56,
        58.83,
        34.6,
        18.64,
        10.0,
        5.02,
        2.9,
        1.88,
        1.35,
        0.0
      ],
      "hit_max_pct": 0.0,
      "b2_hours_p50": 0.8175,
      "b2_key": "C1_p35_mid",
      "c_initial": {
        "gold": 105423.5,
        "fragments": {
          "녹슨철조각": 13.54,
          "마력부여철조각": 31.88,
          "정제된철조각": 9.4,
          "광물파편": 7.49,
          "달빛조각": 7.02,
          "사령조각": 9.38,
          "검성의파편": 3.9,
          "뒤틀린마력파편": 0.04
        }
      }
    },
    "C1_p35_mid_p60": {
      "curve": "C1",
      "curve_name": "깊은골짜기",
      "protect_indom": 0.35,
      "cost_set": "mid",
      "protect_saint": 0.6,
      "n_users": 5000,
      "hours": {
        "mean": 19.651017333333336,
        "p50": 13.900833333333335,
        "p75": 27.275,
        "p90": 44.713416666666674
      },
      "success_rate": 0.9198,
      "destructions_mean": 874.459,
      "skips_mean": 81.58,
      "saint_frags_mean": 437.2176,
      "visits_mean": [
        836.97,
        829.85,
        820.99,
        800.91,
        775.2,
        740.3,
        687.87,
        597.81,
        644.3,
        565.68,
        470.25,
        365.53,
        260.69,
        130.56,
        112.58,
        91.12,
        72.38,
        47.98,
        29.63,
        16.84,
        9.46,
        5.05,
        3.01,
        2.0,
        1.47,
        0.0
      ],
      "hit_max_pct": 0.0,
      "b2_hours_p50": 0.8175,
      "b2_key": "C1_p35_mid",
      "c_initial": {
        "gold": 105423.5,
        "fragments": {
          "녹슨철조각": 13.54,
          "마력부여철조각": 31.88,
          "정제된철조각": 9.4,
          "광물파편": 7.49,
          "달빛조각": 7.02,
          "사령조각": 9.38,
          "검성의파편": 3.9,
          "뒤틀린마력파편": 0.04
        }
      }
    },
    "C1_p30_high_p50": {
      "curve": "C1",
      "curve_name": "깊은골짜기",