{
  "sim": "B2_v10",
  "description": "건너뛰기 ON, 불굴 보호, +17 백야 목표",
  "initial_state": {
    "gold": 24000,
    "fragments": {
      "녹슨철조각": 43,
      "마력부여철조각": 18,
      "정제된철조각": 6,
      "광물파편": 5,
      "달빛조각": 1,
      "사령조각": 2,
      "검성의파편": 0,
      "뒤틀린마력파편": 0
    }
  },
  "scenarios": {
    "C1_p30_low": {
      "curve": "C1",
      "curve_name": "깊은골짜기",
      "protect_indom": 0.3,
      "cost_set": "low",
      "e_farm_12": 123.04,
      "n_users": 5000,
      "hours": {
        "mean": 1.2127435,
        "p50": 0.7141666666666666,
        "p75": 1.5952083333333333,
        "p90": 2.992833333333335
      },
      "completion_rate": 0.4552,
      "skips_mean": 45.8472,
      "destructions_mean": 172.7866,
      "b1_hours_p50": 1.4283333333333332,
      "reduction_pct": 50.0,
      "gold_end_p50": 105880.0,
      "fragments_end_mean": {
        "녹슨철조각": 8.61,
        "마력부여철조각": 34.17,
        "정제된철조각": 10.0,
        "광물파편": 8.1,
        "달빛조각": 8.34,
        "사령조각": 10.74,
        "검성의파편": 4.65,
        "뒤틀린마력파편": 0.06
      },
      "hit_max_pct": 0.0
    },
    "C1_p30_mid": {
      "curve": "C1",
      "curve_name": "깊은골짜기",
      "protect_indom": 0.3,
      "cost_set": "mid",
      "e_farm_12": 123.04,
      "n_users": 5000,
      "hours": {
        "mean": 1.2380208333333331,
        "p50": 0.8375,
        "p75": 1.6935416666666667,
        "p90": 2.8041666666666667
      },
      "completion_rate": 0.2992,
      "skips_mean": 36.0616,
      "destructions_mean": 172.8712,
      "b1_hours_p50": 1.4283333333333332,
      "reduction_pct": 41.4,
      "gold_end_p50": 66577.0,
      "fragments_end_mean": {
        "녹슨철조각": 14.74,
        "마력부여철조각": 33.42,
        "정제된철조각": 9.94,
        "광물파편": 7.48,
        "달빛조각": 7.41,
        "사령조각": 10.02,
        "검성의파편": 4.01,
        "뒤틀린마력파편": 0.05
      },
      "hit_max_pct": 0.0
    },
    "C1_p30_high": {
      "curve": "C1",
      "curve_name": "깊은골짜기",
      "protect_indom": 0.3,
      "cost_set": "high",
      "e_farm_12": 123.04,
      "n_users": 5000,
      "hours": {
        "mean": 1.5909363333333333,
        "p50": 1.1425,
        "p75": 2.1554166666666665,
        "p90": 3.5564166666666686
      },
      "completion_rate": 0.3564,
      "skips_mean": 33.972,
      "destructions_mean": 225.873,
      "b1_hours_p50": 1.4283333333333332,
      "reduction_pct": 20.0,
      "gold_end_p50": 79027.0,
      "fragments_end_mean": {
        "녹슨철조각": 22.38,
        "마력부여철조각": 34.29,
        "정제된철조각": 10.07,
        "광물파편": 7.48,
        "달빛조각": 7.86,
        "사령조각": 10.18,
        "검성의파편": 4.18,
        "뒤틀린마력파편": 0.04
      },
      "hit_max_pct": 0.0
    },
    "C1_p35_low": {
      "curve": "C1",
      "curve_name": "깊은골짜기",
      "protect_indom": 0.35,
      "cost_set": "low",
      "e_farm_12": 107.64,
      "n_users": 5000,
      "hours": {
        "mean": 1.0896018333333333,
        "p50": 0.6733333333333333,
        "p75": 1.4841666666666666,
        "p90": 2.5595833333333347
      },
      "completion_rate": 0.5734,
      "skips_mean": 43.9786,
      "destructions_mean": 147.3276,
      "b1_hours_p50": 1.2112500000000002,
      "reduction_pct": 44.4,
      "gold_end_p50": 90528.0,
      "fragments_end_mean": {
        "녹슨철조각": 8.76,
        "마력부여철조각": 30.76,
        "정제된철조각": 9.08,
        "광물파편": 7.71,
        "달빛조각": 7.24,
        "사령조각": 9.38,
        "검성의파편": 3.99,
        "뒤틀린마력파편": 0.06
      },
      "hit_max_pct": 0.0
    },
    "C1_p35_mid": {
      "curve": "C1",
      "curve_name": "깊은골짜기",
      "protect_indom": 0.35,
      "cost_set": "mid",
      "e_farm_12": 107.64,
      "n_users": 5000,
      "hours": {
        "mean": 1.2110358333333333,
        "p50": 0.8175,
        "p75": 1.6702083333333333,
        "p90": 2.805
      },
      "completion_rate": 0.4296,
      "skips_mean": 37.786,
      "destructions_mean": 160.9604,
      "b1_hours_p50": 1.2112500000000002,
      "reduction_pct": 32.5,
      "gold_end_p50": 105423.5,
      "fragments_end_mean": {
        "녹슨철조각": 13.54,
        "마력부여철조각": 31.88,
        "정제된철조각": 9.4,
        "광물파편": 7.49,
        "달빛조각": 7.02,
        "사령조각": 9.38,
        "검성의파편": 3.9,
        "뒤틀린마력파편": 0.04
      },
      "hit_max_pct": 0.0
    },
    "C1_p35_high": {
      "curve": "C1",
      "curve_name": "깊은골짜기",
      "protect_indom": 0.35,
      "cost_set": "high",
      "e_farm_12": 107.64,
      "n_users": 5000,
      "hours": {
        "mean": 1.4804166666666667,
        "p50": 1.0279166666666666,
        "p75": 2.024375,
        "p90": 3.3066666666666666
      },
      "completion_rate": 0.476,
      "skips_mean": 35.8156,
      "destructions_mean": 200.9038,
      "b1_hours_p50": 1.2112500000000002,
      "reduction_pct": 15.1,
      "gold_end_p50": 89966.5,
      "fragments_end_mean": {
        "녹슨철조각": 19.64,
        "마력부여철조각": 32.76,
        "정제된철조각": 9.58,
        "광물파편": 7.54,
        "달빛조각": 7.67,
        "사령조각": 9.86,
        "검성의파편": 4.3,
        "뒤틀린마력파편": 0.04
      },
      "hit_max_pct": 0.0
    },
    "C3_p25_low": {
      "curve": "C3",
      "curve_name": "극적반전",
      "protect_indom": 0.25,
      "cost_set": "low",
      "e_farm_12": 143.14,
      "n_users": 5000,
      "hours": {
        "mean": 1.0372673333333333,
        "p50": 0.6258333333333334,
        "p75": 1.369375,
        "p90": 2.516833333333334
      },
      "completion_rate": 0.376,
      "skips_mean": 41.6798,
      "destructions_mean": 152.923,
      "b1_hours_p50": 1.38,
      "reduction_pct": 54.6,
      "gold_end_p50": 96989.5,
      "fragments_end_mean": {
        "녹슨철조각": 10.22,
        "마력부여철조각": 32.22,
        "정제된철조각": 9.57,
        "광물파편": 7.33,
        "달빛조각": 7.0,
        "사령조각": 9.4,
        "검성의파편": 3.78,
        "뒤틀린마력파편": 0.04
      },
      "hit_max_pct": 0.0
    },
    "C3_p25_mid": {
      "curve": "C3",
      "curve_name": "극적반전",
      "protect_indom": 0.25,
      "cost_set": "mid",
      "e_farm_12": 143.14,
      "n_users": 5000,
      "hours": {
        "mean": 1.1316955,
        "p50": 0.7962499999999999,
        "p75": 1.5641666666666667,
        "p90": 2.555250000000001
      },
      "completion_rate": 0.2512,
      "skips_mean": 31.102,
      "destructions_mean": 162.9656,
      "b1_hours_p50": 1.38,
      "reduction_pct": 42.3,
      "gold_end_p50": 53552.0,
      "fragments_end_mean": {
        "녹슨철조각": 19.48,
        "마력부여철조각": 31.15,
        "정제된철조각": 9.46,
        "광물파편": 6.76,
        "달빛조각": 5.96,
        "사령조각": 8.33,
        "검성의파편": 3.05,
        "뒤틀린마력파편": 0.02
      },
      "hit_max_pct": 0.0
    },
    "C3_p25_high": {
      "curve": "C3",
      "curve_name": "극적반전",
      "protect_indom": 0.25,
      "cost_set": "high",
      "e_farm_12": 143.14,
      "n_users": 5000,
      "hours": {
        "mean": 1.4717558333333332,
        "p50": 1.0575,
        "p75": 2.0083333333333333,
        "p90": 3.313500000000001
      },
      "completion_rate": 0.2734,
      "skips_mean": 27.7796,
      "destructions_mean": 216.615,
      "b1_hours_p50": 1.38,
      "reduction_pct": 23.4,
      "gold_end_p50": 81436.0,
      "fragments_end_mean": {
        "녹슨철조각": 26.18,
        "마력부여철조각": 32.02,
        "정제된철조각": 9.6,
        "광물파편": 6.78,
        "달빛조각": 6.43,
        "사령조각": 8.74,
        "검성의파편": 3.4,
        "뒤틀린마력파편": 0.04
      },
      "hit_max_pct": 0.0
    },
    "C3_p30_low": {
      "curve": "C3",
      "curve_name": "극적반전",
      "protect_indom": 0.3,
      "cost_set": "low",
      "e_farm_12": 125.33,
      "n_users": 5000,
      "hours": {
        "mean": 1.0104953333333333,
        "p50": 0.6291666666666667,
        "p75": 1.3827083333333334,
        "p90": 2.435916666666667
      },
      "completion_rate": 0.4848,
      "skips_mean": 41.639,
      "destructions_mean": 141.8094,
      "b1_hours_p50": 1.1825,
      "reduction_pct": 46.8,
      "gold_end_p50": 84046.5,
      "fragments_end_mean": {
        "녹슨철조각": 9.98,
        "마력부여철조각": 30.54,
        "정제된철조각": 9.07,
        "광물파편": 7.28,